{
	"name": "emp_server",
	"script": "./build/index.js",
	"node_args": ["--inspect"],
	"watch": ["build"],
	"ignore_watch": ["test"],
	"interpreter": "node",
	"env": {
		"NODE_ENV": "dev",
		"NODE_TLS_REJECT_UNAUTHORIZED": "0",
		"DEMO_ENDPOINT_EMAIL_RECEIVER": "lucas@xihuanwu.com",
		"EMP_NODE_MODULES": "/Users/lucas/dev/emp/node_modules",
		"EMP_CLIENT": "/Users/lucas/dev/emp/src/tools/client",
		"EMP_RUNTIME_FOLDER": "/Users/lucas/dev/emp_runtime",
		"EMP_STATIC_FOLDER": "/Users/lucas/dev/emp_static",
		"EMP_ATTACHMENT_FOLDER": "/Users/lucas/dev/emp_attachment",
		"EMP_FRONTEND_URL": "https://mtc.localhost",
		"EMP_WX_APPID": "wxf8681580688c7ad1",
		"EMP_WX_APPSECRET": "6ab28582a6da1dd2fc6629d4ebad81c8"
	}
}
